<?xml version="1.0" encoding="utf-8" standalone="yes"?>
<rss version="2.0" xmlns:atom="http://www.w3.org/2005/Atom">
  <channel>
    <title>Tags on Crossword</title>
    <link>https://billthefarmer.github.io/crossword/tags/</link>
    <description>Recent content in Tags on Crossword</description>
    <generator>Hugo -- gohugo.io</generator>
    <language>en-gb</language>
    <copyright>Copyright &amp;copy; 2006 Bill Farmer</copyright><atom:link href="https://billthefarmer.github.io/crossword/tags/index.xml" rel="self" type="application/rss+xml" />
  </channel>
</rss>
