<?xml version="1.0" encoding="utf-8" standalone="yes"?>
<rss version="2.0" xmlns:atom="http://www.w3.org/2005/Atom">
  <channel>
    <title>Introduction on Crossword</title>
    <link>https://billthefarmer.github.io/crossword/introduction/</link>
    <description>Recent content in Introduction on Crossword</description>
    <generator>Hugo -- gohugo.io</generator>
    <language>en-gb</language>
    <copyright>Copyright &amp;copy; 2006 Bill Farmer</copyright>
    <lastBuildDate>Wed, 26 Jan 2022 13:53:27 +0000</lastBuildDate><atom:link href="https://billthefarmer.github.io/crossword/introduction/index.xml" rel="self" type="application/rss+xml" />
  </channel>
</rss>
